-- MySQL dump 10.13  Distrib 8.0.34, for macos13 (x86_64)
--
-- Host: localhost    Database: TXDB
-- ------------------------------------------------------
-- Server version	8.0.34

/*!40101 SET @OLD_CHARACTER_SET_CLIENT=@@CHARACTER_SET_CLIENT */;
/*!40101 SET @OLD_CHARACTER_SET_RESULTS=@@CHARACTER_SET_RESULTS */;
/*!40101 SET @OLD_COLLATION_CONNECTION=@@COLLATION_CONNECTION */;
/*!50503 SET NAMES utf8 */;
/*!40103 SET @OLD_TIME_ZONE=@@TIME_ZONE */;
/*!40103 SET TIME_ZONE='+00:00' */;
/*!40014 SET @OLD_UNIQUE_CHECKS=@@UNIQUE_CHECKS, UNIQUE_CHECKS=0 */;
/*!40014 SET @OLD_FOREIGN_KEY_CHECKS=@@FOREIGN_KEY_CHECKS, FOREIGN_KEY_CHECKS=0 */;
/*!40101 SET @OLD_SQL_MODE=@@SQL_MODE, SQL_MODE='NO_AUTO_VALUE_ON_ZERO' */;
/*!40111 SET @OLD_SQL_NOTES=@@SQL_NOTES, SQL_NOTES=0 */;

--
-- Table structure for table `event`
--

DROP TABLE IF EXISTS `event`;
/*!40101 SET @saved_cs_client     = @@character_set_client */;
/*!50503 SET character_set_client = utf8mb4 */;
CREATE TABLE `event` (
  `WTIDNO` text,
  `PARCEL` text,
  `WATERID` text,
  `ISPEC` text,
  `LATERAL` text,
  `SIDEGATE` text,
  `NAME1` text,
  `PHONE1` text,
  `RQSTFLO` double DEFAULT NULL,
  `HOURS` double DEFAULT NULL,
  `CROP1` text,
  `IRRIGTYP` text,
  `EVENT_TRANDATE` text,
  `TRANTIME` int DEFAULT NULL,
  `EXCESSIVEORDER` text,
  `DELETED` text,
  `SERVAREA` text,
  `FLOWID` text,
  `COMMENT1` text,
  `COMMENT2` text
) ENGINE=InnoDB DEFAULT CHARSET=utf8mb4 COLLATE=utf8mb4_0900_ai_ci;
/*!40101 SET character_set_client = @saved_cs_client */;

--
-- Dumping data for table `event`
--

LOCK TABLES `event` WRITE;
/*!40000 ALTER TABLE `event` DISABLE KEYS */;
INSERT INTO `event` VALUES ('1408',' 018044006','676770','WRQST','CERES','10-07','GEORGE CABRAL','5952632',14.8,2,'29','01','2023-06-02',7110374,'N','','01','26759','HM 5379053',''),('198',' 017038003','676789','WRQST','L1','13-01','FRANCISCO AGUILAR','9888107',19.55,3.5,'29','01','2023-06-02',7331660,'N','','03','27838','HECTOR AGUILAR 9888106','MARIA 5411511'),('60947',' 017062052','676809','WRQST','LL2.5','21-01','JOHN WIGT','9965213',22.68,7,'29','01','2023-06-02',8093204,'','','05','19362','MARIA 9961493',''),('729',' 018013014','676821','WRQST','CERES','11-03','CHARLIE VOSS','4840034',13.41,6,'36','01','2023-06-02',8262211,'','','01','27931','6560216  HM','TJ VOSS 8500721'),('743',' 018013038','676822','WRQST','CERES','11-03','CHARLIE VOSS','4840034',13.2,9,'36','01','2023-06-02',8264638,'','','01','27935','6560216  HM','TJ VOSS 8500721'),('736',' 018013029','676823','WRQST','CERES','11-03','CHARLIE VOSS','4840034',13.27,8,'36','01','2023-06-02',8272002,'','','01','28928','6560216 HM','TJ VOSS 8500721'),('731',' 018013019','676824','WRQST','CERES','11-03','CHARLIE VOSS','4840034',14.4,4,'36','01','2023-06-02',8274820,'','','01','26720','6560216 HM','TJ VOSS 8500721'),('679',' 018009006','676884','WRQST','CERES','04-02','EVAN HUDELSON','2022426',15.93,6,'29','01','2023-06-02',9420362,'','','01','27692','BEN HUDELSON MOB 5318771 HM 8831000',''),('680',' 018009007','676885','WRQST','CERES','04-02','EVAN HUDELSON','2022426',15.88,6,'29','01','2023-06-02',9423883,'','','01','27914','BEN HUDELSON MOB 5318771 HM 8831000',''),('660',' 018006006','676886','WRQST','CERES','04-04','EVAN HUDELSON','2022426',21.11,12,'29','01','2023-06-02',9444163,'','','01','29525','BEN HUDELSON MOB 5318771 HM 8831000',''),('1773',' 018058014','676897','WRQST','CERES','02-05','DARRYL STARN','6061658',15.03,6,'29','01','2023-06-02',9593614,'N','','01','27652','TROY STARN 5353959',''),('720',' 018012018','676903','WRQST','CERES','02-05','NICK CIPPONERI','7652388',15.08,7.5,'29','01','2023-06-02',10123982,'N','','01','27928','',''),('3621',' 022002001','676990','WRQST','LL3','15-03','ERIC AYALA','6506302640',17.95,8,'29','01','2023-06-02',11463614,'N','','05','14393','',''),('13834',' 041031022','677063','WRQST','LL2','03-11','MANUEL AZEVEDO','5410795',3.03,1,'9','01','2023-06-02',13211701,'N','','03','15105','',''),('3677',' 022003011','677068','WRQST','LL3','12-03','GREG NUNES','6787933',23.07,3.5,'1','01','2023-06-02',13253518,'N','','05','25182','',''),('1667',' 018052040','677131','WRQST','CERES','05-03','JASON WELLS','5432357',10,1,'9','01','2023-06-02',14135535,'N','','01','29519','JENNY WELLS 6069279','*NEW OWNER*'),('14006',' 041044006','677142','WRQST','LL2.5','09-04','ALLEN MOORE','5811462',22.31,36,'1','01','2023-06-02',14494602,'N','','05','28213','',''),('1460',' 018046001','677154','WRQST','CERES','10-02','MIKE BARTON','9883667',14.91,8,'39','01','2023-06-02',15055902,'N','','01','28900','HM 8831999','JAMES 3031999'),('1405',' 018044002','677192','WRQST','CERES','10-07','FRANK GOMES','5957667',14.96,6,'29','01','2023-06-02',16090558,'N','','01','25525','HM 5377256 JOE 7652525',''),('1406',' 018044003','677193','WRQST','CERES','10-07','FRANK GOMES','5957667',14.97,6,'29','01','2023-06-02',16090984,'N','','01','25526','HM 5377256','JOE 7652525'),('1757',' 018057013','677194','WRQST','CERES','02-05','DONNY HICKS','2775875',12.96,4.5,'29','01','2023-06-02',16101515,'','','01','29040','HM 8830504','LEELEE (MRS) 4042651'),('13542',' 041010011','677212','WRQST','LL2','03-04','JOHN KORDAZKIS','5954363',5,1.5,'9','01','2023-06-02',16303079,'N','','03','2196','DIMITRA 4959504',''),('1728',' 018055005','677252','WRQST','CERES','04-02','EDDIE VALENCIA','9184439',15.71,11.75,'36','01','2023-06-02',18553126,'','','01','27956','ENRIQUE 7656835',''),('816',' 018018020','677259','WRQST','CERES','08-03','RON CRAYTON','5423647',10,2,'28','01','2023-06-02',21432602,'','','01','445','ALT 5418705 LUCAS CRAYTON 4481445','**NEW IRRIGATOR 2023**'),('13873',' 041034002','677336','WRQST','LL2.5','05-02','HORACIO JAUREGUY','5688832',5,0.25,'9','01','2023-06-03',7210189,'N','','05','2387','',''),('431',' 017058049','677338','WRQST','LL2.5','20-08','BOB SILVEIRA','4044241',24.95,4,'9','01','2023-06-03',7283144,'N','','05','13708','',''),('26896',' 056058008','677418','WRQST','L1','08-02','BRIAN NEVITT','6053539',17.2,3,'29','01','2023-06-03',8060167,'N','','03','28437','JODY 2047407',''),('958',' 018030001','677425','WRQST','CERES','08-02','PAUL HUDELSON','6061902',15.22,10.5,'29','01','2023-06-03',8144924,'','','01','27938','JIM HUDELSON 5318264',''),('962',' 018030014','677427','WRQST','CERES','08-02','PAUL HUDELSON','6061902',14.7,3,'29','01','2023-06-03',8145603,'','','01','27939','JIM HUDELSON 5318264',''),('963',' 018030015','677428','WRQST','CERES','08-02','PAUL HUDELSON','6061902',14.85,2.25,'29','01','2023-06-03',8151904,'','','01','27940','JIM HUDELSON 5318264',''),('964',' 018030016','677429','WRQST','CERES','08-02','PAUL HUDELSON','6061902',14.7,1.75,'29','01','2023-06-03',8152852,'','','01','27941','JIM HUDELSON 5318264',''),('961',' 018030011','677433','WRQST','CERES','08-02','PAUL HUDELSON','6061902',15.67,0.25,'29','01','2023-06-03',8323094,'N','','01','27820','JIM HUDELSON 5318264',''),('58561',' 022005015','677444','WRQST','LL3','11-07','PAUL CLAROT','5313343',16.04,40,'17','01','2023-06-03',9152098,'N','','05','18053','',''),('54674',' 018014019','677518','WRQST','CERES','10-08','SCOTT LONG','9880700',16.72,4,'29','01','2023-06-03',10303489,'N','','01','19618','OFC 5381166  HM 5373571','BERNARDO 6613305'),('751',' 018013047','677519','WRQST','CERES','11-03','SCOTT LONG','9880700',15.17,1,'29','01','2023-06-03',10330446,'Y','','01','29053','OFFC 5381166   HM 5373571','BERNARDO 6613305'),('750',' 018013046','677520','WRQST','CERES','11-03','SCOTT LONG','9880700',14.89,3,'29','01','2023-06-03',10330996,'N','','01','28889','5373571 HM OFC 5381166','BERNARDO 6613305'),('1431',' 018045007','677522','WRQST','CERES','10-02','ROBERT RUMBLE','3419615',14.91,2,'29','01','2023-06-03',10553351,'','','01','28891','',''),('1432',' 018045008','677523','WRQST','CERES','10-02','ROBERT RUMBLE','3419615',14.96,3,'29','01','2023-06-03',10553921,'','','01','27650','',''),('13936',' 041038024','677530','WRQST','LL2.5','02-01','SHERRIE LO FORTI','4801075',5,0.75,'9','01','2023-06-03',11225766,'N','','05','27027','KEITH/SHERRIE HM 5382274',''),('13756',' 041025001','677608','WRQST','LL2.5','14-02','DAVE GRAHAM','6051910',18.34,10,'17','01','2023-06-03',14060986,'N','','05','19369','DAN 5956785','MARTIN SQUIRES 6526997'),('1810',' 018062012','677630','WRQST','CERES','09-04','ROBERT PARKS','3801566',15.21,10,'39','01','2023-06-03',16010874,'N','','01','27965','OFFC 5373514','HM 8831662'),('2796',' 019004015','677637','WRQST','CERES','02-04','TIM BECK','7658928',16.02,3,'39','01','2023-06-03',16193973,'','','01','27987','SCOTT 8826272',''),('2787',' 019004003','677643','WRQST','CERES','02-04','TIM BECK','7658928',10.58,5.5,'29','01','2023-06-03',16200569,'','','01','27598','SCOTT 8826272',''),('2787',' 019004003','677648','WRQST','CERES','02-04','TIM BECK','7658928',15.22,4.5,'29','01','2023-06-03',16202723,'','','01','27983','SCOTT 8826272',''),('2795',' 019004014','677653','WRQST','CERES','02-04','TIM BECK','7658928',15.84,6,'29','01','2023-06-03',16204438,'','','01','27986','SCOTT 8826272',''),('2788',' 019004004','677654','WRQST','CERES','02-04','TIM BECK','7658928',13.26,0.75,'29','01','2023-06-03',16210611,'','','01','27984','SCOTT 8826272',''),('444',' 017060005','677713','WRQST','LL2','20-02','JEFF LEE','5417763',19.01,22,'29','01','2023-06-03',19580751,'','','03','27891','WILLIE OCHOA 9884328',''),('2793',' 019004011','677753','WRQST','CERES','02-04','EVAN HUDELSON','2022426',16.09,5,'29','01','2023-06-04',6171529,'','','01','27985','& WALNUTS','BEN HUDELSON 5318771'),('730',' 018013018','677754','WRQST','CERES','11-03','EVAN HUDELSON','2022426',14.92,7,'29','01','2023-06-04',6175862,'','','01','27932','BEN HUDELSON 5318771',''),('723',' 018013004','677767','WRQST','CERES','11-03','ALLEN SOUZA JR','5969922',13,2.5,'29','01','2023-06-04',6234397,'','','01','29169','BRUCE SOUZA 5227000',''),('13784',' 041027017','677773','WRQST','LL2.5','11-03','STACY CARDOSO','4840830',25.31,1,'29','01','2023-06-04',6543613,'','','05','15082','BUD 4849907',''),('13926',' 041038011','677845','WRQST','LL2.5','01-02','FRANK FONTANA','4807146',16.78,5,'36','01','2023-06-04',8211268,'N','','05','15141','5373257 SHOP   5375855 HM','SCOTT 4807147'),('488',' 017062026','677859','WRQST','LL2.5','23-02','JOE NIJSKENS','4802854',24.3,10,'29','01','2023-06-04',8482591,'N','','05','13749','MARI 4800649',''),('669',' 018008007','677870','WRQST','CERES','03-05','JORGE RAMOS','7656967',17.28,7,'29','01','2023-06-04',9204751,'N','','01','13803','',''),('704',' 018011003','677871','WRQST','CERES','02-05','JORGE RAMOS','7656967',14.98,9,'29','01','2023-06-04',9210313,'N','','01','27918','',''),('714',' 018012008','677872','WRQST','CERES','02-05','JORGE RAMOS','7656967',15,4,'29','01','2023-06-04',9212022,'N','','01','27926','HM 8834137   FRUITSTAND 8834680',''),('890',' 018026006','677873','WRQST','CERES','05-03','JORGE RAMOS','7656967',15.89,4,'36','01','2023-06-04',9214209,'N','','01','28991','FRUIT STAND 8834680',''),('708',' 018011007','677874','WRQST','CERES','02-05','JORGE RAMOS','7656967',15.3,8,'36','01','2023-06-04',9221265,'N','','01','27922','HM 8834137   FRUITSTAND 8834680',''),('709',' 018011008','677876','WRQST','CERES','02-05','JORGE RAMOS','7656967',14.97,6,'36','01','2023-06-04',9222862,'N','','01','27410','HM 8834137   FRUITSTAND 8834680',''),('713',' 018012006','677877','WRQST','CERES','02-05','JORGE RAMOS','7656967',15.8,4,'30','01','2023-06-04',9230904,'N','','01','22803','FRUITSTAND 8834680','& PLUMS'),('1688',' 018054003','677902','WRQST','CERES','05-03','MATT ROSSI','6056729',15.84,2,'29','01','2023-06-04',10060393,'','','01','29020','8831025 HM',''),('1718',' 018054064','677903','WRQST','CERES','05-03','MATT ROSSI','6056729',15.76,1,'29','01','2023-06-04',10062049,'','','01','29030','8831025 HM',''),('1723',' 018054075','677904','WRQST','CERES','05-03','MATT ROSSI','6056729',15.33,11,'29','01','2023-06-04',10070672,'','','01','27508','HM 8831025',''),('285',' 017043024','677910','WRQST','L1','13-01','FRED TOELKES','6135398',18.15,3,'9','01','2023-06-04',10222177,'N','','03','27852','PENNEY TOELKES 5958109',''),('278',' 017043015','677911','WRQST','L1','13-01','FRED TOELKES','6135398',17.67,3,'9','01','2023-06-04',10223137,'N','','03','27848','VICKIE WHISLER 4800566','PENNEY TOELKES 5958109'),('386',' 017053012','677926','WRQST','LL2','13-03','JOE MACHADO','4805639',18.38,15,'1','01','2023-06-04',10342557,'','','03','27863','KEATON 4801543',''),('390',' 017053016','677927','WRQST','LL2','13-03','JOE MACHADO','4805639',18.51,13,'1','01','2023-06-04',10370238,'N','','03','27864','KEATON 4801543',''),('625',' 018002072','677990','WRQST','CERES','06-05','CHRIS PETERSON','4069501',16.62,18,'39','01','2023-06-04',11435275,'N','','01','27905','NANCY PETERSON 9699547',''),('26011',' 056028008','678019','WRQST','L1','09-03','TONY HARREWYN','6069964',20.54,12,'29','01','2023-06-04',13020971,'N','','03','20601','',''),('26011',' 056028008','678020','WRQST','L1','10-01','TONY HARREWYN','6069964',10.18,5,'29','01','2023-06-04',13020972,'N','','03','15977','',''),('26011',' 056028008','678021','WRQST','L1','10-03','TONY HARREWYN','6069964',8.55,5,'29','01','2023-06-04',13020973,'N','','03','18860','',''),('604',' 018001012','678044','WRQST','CERES','09-04','JUSTIN ROSSITER','6149217',14.91,3,'29','01','2023-06-04',13171380,'','','01','28779','GARY 6139001',''),('618',' 018001075','678046','WRQST','CERES','10-06','JUSTIN ROSSITER','6149217',17.38,2.5,'29','01','2023-06-04',13173450,'','','01','19570','GARY 6139001 MOB 5560600 HM',''),('3015',' 019018048','678061','WRQST','CERES','02-04','VITO CHIESA','8832916',16.18,3,'39','01','2023-06-04',13442891,'','','01','28008','*NEW RENTER*',''),('14075',' 041051008','678095','WRQST','LL3','01-02','HENRY HOMEN','6133678',18.55,10,'29','01','2023-06-04',15202253,'N','','05','13008','5262337 HM','DAVE 6130070'),('252',' 017041015','678107','WRQST','L1','12-03','FRANK BORBA','5318702',19.09,14,'1','01','2023-06-04',16004945,'N','','03','13589','HM  5310202','JORGE 9885146'),('198',' 017038003','678108','WRQST','L1','13-01','FRANCISCO AGUILAR','9888107',19.55,2.5,'29','01','2023-06-04',16013346,'N','','03','27838','HECTOR AGUILAR 9888106','MARIA 5411511'),('3692',' 022004013','678128','WRQST','LL3','13-08','TONY MORRIS','6040955',23.32,12,'1','01','2023-06-04',16241801,'N','','05','28088','MIGUEL 4967438','HM 5382130'),('3693',' 022004014','678129','WRQST','LL3','13-08','TONY MORRIS','6040955',23.14,10,'17','01','2023-06-04',16243865,'N','','05','27418','LAURIE 3218083',''),('3694',' 022004015','678130','WRQST','LL3','13-08','TONY MORRIS','6040955',23.08,10,'17','01','2023-06-04',16245539,'N','','05','25719','LAURIE 3218083    MIGUEL 4967438','TONY HM 5382130'),('31633',' 069018006','678169','WRQST','CERES','10-07','KEITH CARGILL','7657421',15.01,2.5,'29','01','2023-06-04',16481381,'N','','01','26379','JAY 5373526',''),('31635',' 069018011','678170','WRQST','CERES','10-07','KEITH CARGILL','7657421',14.96,2.5,'1','01','2023-06-04',16482383,'N','','01','26380','JAY 5373526',''),('31636',' 069018012','678172','WRQST','CERES','10-07','KEITH CARGILL','7657421',14.99,3,'29','01','2023-06-04',16483184,'N','','01','26381','JAY 5373526',''),('61943',' 018047050','678183','WRQST','CERES','10-02','JASON ESPINOLA','6024805',14.04,3,'29','01','2023-06-04',17061899,'','','01','27659','GEORGE(DAD) 9962773 MOB  8832883 HM',''),('62172',' 018047051','678184','WRQST','CERES','10-02','JASON ESPINOLA','6024805',14.29,3,'29','01','2023-06-04',17070508,'','','01','27658','GEORGE(DAD) 9962773 MOB  8832883 HM',''),('3690',' 022004010','678216','WRQST','LL3','12-03','JUSTIN GIOLETTI','6029110',16.78,24,'17','01','2023-06-04',19485664,'','','05','25185','6670432 HM','DEVIN GIOLETTI 6067886 JUAN 6787756'),('689',' 018010002','678235','WRQST','CERES','04-02','DAVID POHL','5415873',14.91,10,'29','01','2023-06-04',21032381,'','','01','28887','JUAN 6202283','8839210 HM  / 8834853 OFC'),('690',' 018010003','678236','WRQST','CERES','04-02','DAVID POHL','5415873',15.25,6,'29','01','2023-06-04',21034110,'','','01','27916','8834853',''),('705',' 018011004','678237','WRQST','CERES','02-05','DAVID POHL','5415873',15.9,2,'29','01','2023-06-04',21041545,'','','01','27919','8834853',''),('706',' 018011005','678238','WRQST','CERES','02-05','DAVID POHL','5415873',15.64,9,'29','01','2023-06-04',21042785,'','','01','27920','HM 8839210  OFFC 8834853',''),('516',' 017063024','678240','WRQST','LL2.5','20-01','ESAUL GUERRERO III','2026079',0.5,0.75,'9','01','2023-06-04',22254484,'','','05','298','ANGELA SILVA 6050783',''),('1455',' 018045035','678246','WRQST','CERES','10-07','CHARLIE VOSS','4840034',14.99,7,'39','01','2023-06-05',5400443,'','','01','25540','TJ VOSS 8500721 HM 6560216',''),('1455',' 018045035','678247','WRQST','CERES','10-07','CHARLIE VOSS','4840034',14.99,7,'39','01','2023-06-05',5402640,'','','01','25540','TJ VOSS 8500721 HM 6560216',''),('31717',' 069022014','678248','WRQST','CERES','10-07','CHARLIE VOSS','4840034',15,4,'36','01','2023-06-05',5405362,'','','01','26851','TJ VOSS 8500721',''),('1441',' 018045021','678249','WRQST','CERES','10-02','CHARLIE VOSS','4840034',14.94,8,'29','01','2023-06-05',5411296,'','','01','27942','TJ VOSS 8500721','HM 6560216'),('1442',' 018045022','678250','WRQST','CERES','10-02','CHARLIE VOSS','4840034',14.98,6,'29','01','2023-06-05',5413252,'','','01','28895','HM 6560216 TJ VOSS 8500721',''),('61178',' 018045044','678251','WRQST','CERES','10-02','CHARLIE VOSS','4840034',14.84,9,'36','01','2023-06-05',5420503,'','','01','28899','HM 6560216 TJ VOSS 8500721',''),('13990',' 041042004','678256','WRQST','LL2.5','15-02','JEFF HUGHES','7656975',7.62,60,'11','01','2023-06-05',6121635,'','','05','26906','BUB HUGHES 6134922 MOB 5222361 HM','ALT# 7656975'),('14089',' 041051031','678301','WRQST','LL3','01-07','ROBERT MAILLOUX','2816767',15.18,2.25,'29','01','2023-06-05',6480316,'','','05','15220','DON MAILLOUX 2024184','ALT# 2475644'),('1478',' 018046039','678302','WRQST','CERES','08-02','NATE MILLER','4848005',14.66,5,'29','01','2023-06-05',6481336,'','','01','27803','JOSH MILLER 4843631',''),('1477',' 018046038','678304','WRQST','CERES','08-02','NATE MILLER','4848005',14.65,10,'29','01','2023-06-05',6483630,'','','01','26773','JOSH MILLER 4843631',''),('60736',' 069020019','678306','WRQST','CERES','10-07','MIKE COUSINS','6503878911',14.98,6,'9','01','2023-06-05',6484830,'','','01','26387','5382875 HM','PAT COUSINS 4029033'),('1527',' 018048003','678307','WRQST','CERES','05-03','NATE MILLER','4848005',16.16,5,'29','01','2023-06-05',6484932,'','','01','29032','JOSH MILLER 4843631',''),('849',' 018022006','678333','WRQST','CERES','05-03','RYAN VARNI','6146543',6.92,0.75,'9','01','2023-06-05',6591493,'','','01','27676','',''),('14074',' 041051003','678335','WRQST','LL3','01-07','JEFF LEE','5417763',23.66,3,'29','01','2023-06-05',7033718,'N','','05','15216','WILLIE OCHOA 9883428','MEL PACE MOB 6144649 HM 5384766'),('720',' 018012018','678348','WRQST','CERES','02-05','SEBASTIAN CIPPONERI','6029850',15.08,21,'36','01','2023-06-05',7105072,'','','01','27928','OFC 6684465',''),('13522',' 041009001','678361','WRQST','LL2','03-11','BILL MINENI','5313163',22.82,5,'29','01','2023-06-05',7124171,'N','','03','14992','LINDA 5384844',''),('13522',' 041009001','678362','WRQST','LL2','04-01','BILL MINENI','5313163',20,8,'29','01','2023-06-05',7124172,'N','','03','14993','LINDA 5384844',''),('14000',' 041043004','678384','WRQST','LL2.5','15-03','GARRETT BOWMAN','3805820',4.36,24,'11','01','2023-06-05',7193464,'','','05','26944','JUSTIN HUFFMAN 7654346','FILLING POND'),('300',' 017047003','678421','WRQST','LL2','23-03','MANUEL MORRIS','5410627',17.08,10,'17','01','2023-06-05',7395784,'N','Y','03','27855','MOB 6522878    DARLENE MOB 6523414','JOHNNY 4043909 *1ST*'),('13369',' 041001007','678430','WRQST','LL2','09-02','DARRELL GARBER','9968408',10.7,8,'29','01','2023-06-05',7534091,'','','03','13261','ALT# 5560759',''),('13386',' 041002011','678432','WRQST','LL2','09-03','DARRELL GARBER','9968408',25.77,2.25,'29','01','2023-06-05',7535792,'','','03','14956','5560759  HM',''),('13386',' 041002011','678433','WRQST','LL2','10-06','DARRELL GARBER','9968408',21.02,1.25,'29','01','2023-06-05',7541405,'','','03','14957','5560759  HM',''),('14055',' 041049014','678442','WRQST','LL2.5','04-01','SHANE PARSON','5382704',16.76,2,'9','01','2023-06-05',7571651,'','','05','15203','6085704 MOB ALT# 6782843',''),('14052',' 041049010','678445','WRQST','LL2.5','04-01','SHANE PARSON','6085704',16.9,2,'9','01','2023-06-05',7573304,'','','05','15202','ALT# 6782843',''),('14056',' 041049015','678447','WRQST','LL2.5','04-01','SHANE PARSON','6085704',16.35,1,'9','01','2023-06-05',7574098,'','','05','17655','',''),('14059',' 041049018','678448','WRQST','LL2.5','04-01','SHANE PARSON','6085704',17.22,2,'9','01','2023-06-05',7575880,'','','05','15205','ALT# 6782843',''),('14060',' 041049019','678451','WRQST','LL2.5','04-01','SHANE PARSON','6085704',16.54,1,'9','01','2023-06-05',7581325,'','','05','15206','ALT# 6782843',''),('1758',' 018057014','678473','WRQST','CERES','02-05','WAYNE ZIPSER','9859123',13.67,7,'29','01','2023-06-05',8135646,'N','','01','29059','**NEW IRRIGATOR**',''),('330',' 017051017','678490','WRQST','LL2','17-07','RICK NUTCHER','6525185',30.75,10,'17','01','2023-06-05',8343650,'N','','03','13631','OFC 5371118','NEW IRRIGATOR'),('1649',' 018052008','678506','WRQST','CERES','05-03','RANDY GARCIA','4796959',15.52,1,'29','01','2023-06-05',8415953,'','','01','29010','8834197 HM 8834950 OFC',''),('1663',' 018052036','678507','WRQST','CERES','05-03','RANDY GARCIA','4796959',15.32,1,'29','01','2023-06-05',8421958,'','','01','29000','HM 8834197',''),('735',' 018013027','678508','WRQST','CERES','11-03','RANDY GARCIA','4796959',14.12,1,'29','01','2023-06-05',8423598,'','','01','28836','',''),('1415',' 018044019','678510','WRQST','CERES','10-07','RANDY GARCIA','4796959',14.92,3,'1','01','2023-06-05',8424944,'','','01','13895','',''),('1412',' 018044015','678511','WRQST','CERES','10-07','RANDY GARCIA','4796959',14.99,3,'29','01','2023-06-05',8425776,'','','01','25529','',''),('31775',' 069024018','678513','WRQST','CERES','10-07','RANDY GARCIA','4796959',14.67,3,'29','01','2023-06-05',8431858,'','','01','25325','*NEW RENTER*',''),('291',' 017044009','678515','WRQST','L1','18-04','BRIAN ALAMO','3037234',19.33,6,'29','01','2023-06-05',8450352,'N','','03','19490','5057211 ALT#',''),('294',' 017044012','678516','WRQST','L1','18-03','BRIAN ALAMO','3037234',22.44,6,'29','01','2023-06-05',8451852,'N','','03','19361','5057211 ALT#',''),('296',' 017044014','678517','WRQST','L1','18-03','BRIAN ALAMO','3037234',20.62,10,'29','01','2023-06-05',8452864,'N','','03','21470','5057211 ALT#',''),('282',' 017043021','678524','WRQST','L1','13-01','ROB CONWAY','5950805',21.08,2.75,'29','01','2023-06-05',8594897,'N','','03','27850','CODY 2522763',''),('283',' 017043022','678525','WRQST','L1','13-01','ROB CONWAY','5950805',21.05,2.75,'29','01','2023-06-05',8595901,'N','','03','27404','CODY 2522763',''),('202',' 017038007','678526','WRQST','L1','13-01','ROB CONWAY','5950805',20.98,6.5,'29','01','2023-06-05',9001506,'N','','03','27841','CODY 2522763',''),('26917',' 056059013','678527','WRQST','L1','12-01','ROB CONWAY','5950805',8.37,2.5,'29','01','2023-06-05',9004641,'N','','03','27573','HM 5380605','CODY 2522763'),('26918',' 056059014','678528','WRQST','L1','12-01','ROB CONWAY','5950805',9.9,2,'29','01','2023-06-05',9005299,'N','','03','27268','HM 5380605','CODY 2522763'),('26924',' 056059021','678529','WRQST','L1','12-01','ROB CONWAY','5950805',5.27,2,'29','01','2023-06-05',9005418,'N','','03','27545','HM 5380605','CODY 2522763'),('275',' 017043010','678532','WRQST','L1','13-01','MARC SOUZA','5957224',18.64,1.5,'29','01','2023-06-05',9013530,'N','','03','27846','ROB CONWAY 5950805',''),('60363',' 018002088','678535','WRQST','CERES','06-05','KEVIN VOSS','5416547',16.71,15,'29','01','2023-06-05',9100410,'N','','01','27906','MANUEL 2167354',''),('60364',' 018002089','678536','WRQST','CERES','06-05','KEVIN VOSS','5416547',17.07,20,'29','01','2023-06-05',9101579,'N','','01','28804','MANUEL CISNEROS 2167354',''),('13864',' 041033008','678537','WRQST','LL2.5','T1370','JOSE CORNEJO','7476395',1.74,5,'9','01','2023-06-05',9123873,'N','','05','12917','',''),('1662',' 018052035','678539','WRQST','CERES','05-03','RANDY GARCIA','4796959',15.91,0.25,'29','01','2023-06-05',9145947,'N','','01','28997','8834197 HM',''),('58317',' 018050029','678545','WRQST','CERES','05-03','RANDY GARCIA','4796959',15.34,2,'29','01','2023-06-05',9172697,'','','01','29013','8834197 HM',''),('60476',' 018050030','678546','WRQST','CERES','05-03','RANDY GARCIA','4796959',15.27,3,'29','01','2023-06-05',9181507,'','','01','29012','8834197 HM',''),('13931',' 041038019','678549','WRQST','LL2.5','02-02','JOSE JIMENEZ','6024702',10.42,3,'9','01','2023-06-05',9190783,'N','','05','15147','',''),('302',' 017047007','678560','WRQST','LL2','23-03','MANUEL MORRIS','5410627',18.45,2,'17','01','2023-06-05',9295791,'N','','03','27681','MOB 6522878   JOHNNY 4043909 *1ST*','JOHN  6527864    DARLENE MOB 6523414'),('45',' 009029017','678566','WRQST','CERES','06-05','JOHN MEDHURST','4700112',15.81,16,'29','01','2023-06-05',9460253,'N','','01','27836','JOSEPH ACOSTA 6059936','**NEW RENTER**'),('14029',' 041047002','678571','WRQST','LL3','08-12','ERIKA CONTRERAS','3809062',12.55,3,'9','01','2023-06-05',9550840,'','','05','18923','JOSE 5416638',''),('518',' 017063026','678579','WRQST','LL2.5','18-04','ANDY ZYLSTRA','9886020',24.11,7,'29','01','2023-06-05',10050242,'N','','05','13773','5378845 HM',''),('484',' 017062010','678581','WRQST','LL2.5','22-01','ANDY ZYLSTRA','9886020',26.03,7,'3','01','2023-06-05',10054459,'N','','05','13747','',''),('1465',' 018046009','678593','WRQST','CERES','08-02','RANDY BERGMAN','6060805',13.93,6,'29','01','2023-06-05',10295594,'','','01','28902','6029755',''),('707',' 018011006','678598','WRQST','CERES','02-05','SONJA VINSON','9884834',15,8,'29','01','2023-06-05',10353951,'N','','01','27921','HM 5244115',''),('716',' 018012010','678599','WRQST','CERES','02-05','JERRY RIGGS','5415691',15.2,5,'29','01','2023-06-05',10361925,'','','01','25014','RANDY REDDING 9880476 *1ST*','TONY MENDONCA 2476021'),('712',' 018012003','678600','WRQST','CERES','02-05','LUKE MILLER','4170506',14.94,6,'29','01','2023-06-05',10364703,'N','','01','27925','',''),('847',' 018022003','678601','WRQST','CERES','05-03','DARRYL STARN','6061658',16.3,7,'36','01','2023-06-05',10424703,'N','','01','28995','HM 6696703',''),('1589',' 018050026','678602','WRQST','CERES','05-03','DARRYL STARN','6061658',15.79,6.5,'36','01','2023-06-05',10425925,'N','','01','28993','',''),('1590',' 018050027','678603','WRQST','CERES','05-03','DARRYL STARN','6061658',15.71,6.5,'36','01','2023-06-05',10431275,'N','','01','29005','',''),('719',' 018012013','678605','WRQST','CERES','02-05','PAUL HUDELSON','6061902',15.16,4,'29','01','2023-06-05',10520662,'','','01','27927','JIM HUDELSON 5318264',''),('711',' 018012002','678607','WRQST','CERES','02-05','PAUL HUDELSON','6061902',15.17,4,'29','01','2023-06-05',10522756,'','','01','27924','JIM HUDELSON 5318264',''),('54685',' 018046053','678608','WRQST','CERES','08-02','PAUL HUDELSON','6061902',14.33,5,'29','01','2023-06-05',10524366,'','','01','28904','JIM HUDELSON MOB 5318264 HM 8832300',''),('54686',' 018046054','678609','WRQST','CERES','08-02','PAUL HUDELSON','6061902',14.06,5,'29','01','2023-06-05',10525387,'','','01','28905','JIM HUDELSON MOB 5318264 HM 8832300',''),('54688',' 018046055','678610','WRQST','CERES','08-02','PAUL HUDELSON','6061902',14.4,3,'29','01','2023-06-05',10530235,'','','01','28906','JIM HUDELSON MOB 5318264 HM 8832300',''),('13877',' 041034008','678617','WRQST','LL2.5','04-01','SERGIO JIMENEZ','2814535',27.63,6,'29','01','2023-06-05',11012077,'N','','05','15122','SARB ATHWAL 4999743',''),('13867',' 041033011','678618','WRQST','LL2.5','04-02','SARB ATHWAL','4999743',21.28,4,'29','01','2023-06-05',11013454,'N','','05','15120','SERGIO JIMENEZ 2814535',''),('13805',' 041030004','678619','WRQST','LL2.5','10-01','SARB ATHWAL','4999743',18.52,3,'29','01','2023-06-05',11015071,'N','','05','15095','SERGIO JIMENEZ 2814535 **1ST**',''),('13804',' 041030003','678620','WRQST','LL2.5','10-02','SARB ATHWAL','4999743',18.14,7,'29','01','2023-06-05',11020310,'N','','05','15094','SERGIO JIMENEZ 2814535 **1ST**','*NEW OWNER*'),('1511',' 018047031','678621','WRQST','CERES','10-02','DAVE ANDERSON','6074153',14.96,10.5,'29','01','2023-06-05',11064457,'','','01','28912','PATTY ANDERSON 6028402','**NEW OWNER**'),('13366',' 041001003','678645','WRQST','L1','08-02','MATT FOWLES','5956166',16.98,1,'1','01','2023-06-05',11272177,'','','03','27678','',''),('1751',' 018057005','678652','WRQST','CERES','02-05','KORY CHRISTOPHER','2041070',13.02,6.5,'29','01','2023-06-05',11291482,'N','','01','29039','6344492 HM',''),('1686',' 018054001','678683','WRQST','CERES','05-03','JEFF CEDERLIND','6068586',15.31,6,'36','01','2023-06-05',12143200,'N','','01','28994','',''),('1484',' 018046047','678688','WRQST','CERES','08-02','JASON ESPINOLA','6024805',14.42,2,'29','01','2023-06-05',12190436,'','','01','28903','HM 8832883 MOB 9962773','*DAYTIME WATER DUE TO AMPUTATION*'),('3648',' 022002041','678690','WRQST','LL3','14-03','NUNES SILVA','6503021739',16.45,2,'1','01','2023-06-05',12224182,'Y','','05','28080','5384299 HM',''),('13391',' 041002016','678699','WRQST','LL2','11-03','MIKE GAEDE','6025724',3.44,8,'9','01','2023-06-05',12292643,'N','','03','22295','',''),('58316',' 018050028','678707','WRQST','CERES','05-03','JIM FREITAS','6147302',15.41,3,'29','01','2023-06-05',12432893,'','','01','29015','',''),('13835',' 041031023','678714','WRQST','LL2','03-11','CARMEN MARQUEZ','4086745143',11.01,0.5,'9','01','2023-06-05',13122343,'N','','03','18037','',''),('1696',' 018054022','678737','WRQST','CERES','05-03','MIKE NOELLER','6062084',15.41,3,'36','01','2023-06-05',13265663,'N','','01','28990','BRIAN 4172010',''),('1825',' 018063007','678738','WRQST','CERES','06-05','MIKE NOELLER','6062084',15.83,5.5,'29','01','2023-06-05',13271295,'N','','01','27969','HM 8832417','BRIAN 4172010'),('1839',' 018064004','678739','WRQST','CERES','06-05','MIKE NOELLER','6062084',15.57,3,'39','01','2023-06-05',13273409,'N','','01','27974','HM 8832417','BRIAN 4172010'),('1855',' 018064026','678740','WRQST','CERES','06-05','MIKE NOELLER','6062084',15.54,3,'29','01','2023-06-05',13274229,'N','','01','27978','HM 8832417','BRIAN 4172010'),('1860',' 018064032','678741','WRQST','CERES','06-05','MIKE NOELLER','6062084',15.67,2,'29','01','2023-06-05',13275071,'N','','01','27980','HM 8832417','BRIAN 4172010'),('1764',' 018057020','678743','WRQST','CERES','02-05','THOMAS MILLER','4170506',12.9,6,'29','01','2023-06-05',13283096,'N','','01','29043','SHELDON MILLER MOB 4840171 HM 6696104','HM 2029963'),('379',' 017053001','678766','WRQST','LL2','13-03','JAMES HENDRIX','4853375',17.97,12,'17','01','2023-06-05',13590486,'','','03','27860','ANTIONETTE 8720449',''),('288',' 017044004','678770','WRQST','L1','18-04','MIKE EVANS','6040446',34.51,7,'29','01','2023-06-05',14011161,'N','','03','13609','',''),('288',' 017044004','678771','WRQST','L1','20-02','MIKE EVANS','6040446',23.4,7,'29','01','2023-06-05',14011162,'N','','03','13610','',''),('489',' 017062027','678773','WRQST','LL2.5','21-01','MIKE EVANS','6040446',21.82,8,'29','01','2023-06-05',14012747,'N','','05','19554','',''),('1753',' 018057007','678823','WRQST','CERES','02-05','JERRY FOUNTAIN','9853015',12.99,5.5,'29','01','2023-06-05',15312116,'N','','01','29056','6329664 HM',''),('1755',' 018057010','678824','WRQST','CERES','02-05','JERRY FOUNTAIN','9853015',12.7,3.5,'29','01','2023-06-05',15313548,'N','','01','29057','6329664 HM',''),('425',' 017058043','678828','WRQST','LL2','16-03','GARY LORENZO','2477405',18.89,10,'29','01','2023-06-05',15443212,'N','','03','27886','',''),('439',' 017059008','678841','WRQST','LL2','18-03','PETE BLOM','6022422',18.05,8,'29','01','2023-06-05',15482970,'N','','03','27689','HM 5266819','NICK BLOM MOB 5055572  HM 5226140'),('13427',' 041004017','678856','WRQST','LL2','09-01','LOREN THOMPSON','6025569',14.69,13,'29','01','2023-06-05',15553768,'','','03','12996','GARY THOMPSON 5383367',''),('13426',' 041004016','678860','WRQST','LL2','09-01','LOREN THOMPSON','6025569',20.55,13,'29','01','2023-06-05',15580441,'','','03','14980','GARY 5383367',''),('391',' 017053018','678862','WRQST','LL2','13-03','LOREN THOMPSON','6025569',16.21,11,'29','01','2023-06-05',16002106,'','','03','27865','GARY 5318825',''),('13774',' 041027001','678867','WRQST','LL2.5','11-06','TED BETSCHART','5956782',24.36,7,'1','01','2023-06-05',16062851,'N','','05','15074','HM 5371965','TONY 5956781'),('615',' 018001072','678918','WRQST','CERES','10-06','MOISES ALBOR ZAVALA','4845743',5,1,'13','01','2023-06-05',16584019,'N','','01','6386','',''),('31640',' 069018018','678923','WRQST','CERES','10-07','STEWART JOHNSON','6028899',15,1.75,'1','01','2023-06-05',17254839,'','','01','26382','JOE COUTO 7652208',''),('31639',' 069018017','678924','WRQST','CERES','10-07','STEWART JOHNSON','6028899',14.92,1.5,'1','01','2023-06-05',17262977,'','','01','26646','JOE COUTO 7652208',''),('31638',' 069018016','678926','WRQST','CERES','10-07','STEWART JOHNSON','6028899',14.9,0.25,'1','01','2023-06-05',17271074,'','','01','26645','JOE COUTO 7652208',''),('62376',' 017053025','678957','WRQST','LL2','13-03','MIKE AMADOR','6068081',17.67,21,'29','01','2023-06-05',19322852,'','','03','29110','RALPH BAVA 5318019',''),('13430',' 041004024','678958','WRQST','LL2','07-03','MIKE AMADOR','6068081',30.4,10,'29','01','2023-06-05',19334696,'','','03','23185','RALPH BAVA 5318019',''),('3033',' 019020013','679042','WRQST','CERES','02-04','PAUL CHRISTIANSEN','4998142',15.66,3,'29','01','2023-06-06',6370089,'','','01','28014','OMAR 6202530',''),('14093',' 041052012','679072','WRQST','LL3','01-05','RICHARD MOREHART','6043770',14.69,2,'29','01','2023-06-06',7150295,'N','','05','13121','','CLIFF SANDERS 5950603'),('363',' 017052001','679120','WRQST','L1','13-01','JOHN ESTEVES','4846316',19.09,30,'29','01','2023-06-06',7495729,'N','','03','27859','FRANK BORBA 6528201','FRANK SR 5318702'),('51819',' 018047048','679171','WRQST','CERES','08-02','FRANK VERDONE','6206385',14.14,4,'29','01','2023-06-06',9512919,'N','','01','28916','',''),('345',' 017051045','679172','WRQST','LL2','14-03','MIGUEL PEREZ','6060690',15.9,3.5,'17','01','2023-06-06',9513009,'','','03','13638','HM 5312304  /DANNY(SON)6812732',' JACK MOB 6060670'),('242',' 017041003','679173','WRQST','L1','12-04','ERIKA CONTRERAS','3809062',17.7,1,'9','01','2023-06-06',9514376,'','','03','13586','JOSE 5416638',''),('292',' 017044010','679215','WRQST','L1','18-04','DAVID CHEEK','4849648',16.83,20,'39','01','2023-06-06',10533623,'','','03','19491','HM 5388823',''),('1760',' 018057016','679285','WRQST','CERES','02-05','CURTIS PETERSON','4858367',12.99,0.5,'9','01','2023-06-06',11525038,'N','','01','29061','',''),('1692',' 018054011','679323','WRQST','CERES','05-03','SAM LEACH','6481503',15.09,10,'29','01','2023-06-06',12255003,'N','','01','28999','',''),('1583',' 018050020','679335','WRQST','CERES','05-03','TYLER GROVER','6051826',11.15,1.5,'9','01','2023-06-06',13301958,'N','','01','27704','',''),('3638',' 022002026','679342','WRQST','LL3','14-03','MIKE ZYLSTRA','5352883',18.36,5,'3','01','2023-06-06',13511386,'','','05','28079','ANDY ZYLSTRA MOB 9886020 HM 5378845',''),('13582',' 041014006','679346','WRQST','LL2','02-03','MJ MISAILIDIS','6100597',5,2,'9','01','2023-06-06',13583960,'','','03','2222','*PLEASE, DAYLIGHT HRS,FOR SAFETY REASONS','MARY DUFFY 4803555'),('668',' 018008006','679387','WRQST','CERES','02-05','VITO CHIESA','5315235',15.5,12,'3','01','2023-06-06',14400546,'','','01','27912','HM 8832916 ANDREW 9887338 AROLDO 9966221','CROW-GRUBB DITCH'),('641',' 018004004','679400','WRQST','CERES','06-05','DOUG STARN','5351239',15.89,5.5,'36','01','2023-06-06',15090113,'','','01','27908','HOME 8834886',''),('31634',' 069018007','679402','WRQST','CERES','10-07','BYRON ROSSBERG','3249315',7.3,1,'32','01','2023-06-06',15131929,'N','','01','25090','DAWN 9181217',''),('1409',' 018044009','679406','WRQST','CERES','10-07','ROBERT PARKS','3801566',14.93,3,'29','01','2023-06-06',15265445,'N','','01','25528','NATY 3805448 HATTIE 6480171',''),('54876',' 041038028','679425','WRQST','LL2.5','03-03','SERGIO JIMENEZ','2814535',16.7,14,'29','01','2023-06-06',15423544,'N','','05','15151','NEW OWNER/IRRIGATORS 2023',''),('31757',' 069023034','679428','WRQST','CERES','10-07','GLENNA LASATER','6064647',7.25,1.5,'9','01','2023-06-06',15452916,'Y','','01','26396','5383918 HM',''),('31758',' 069023035','679429','WRQST','CERES','10-07','GLENNA LASATER','6064647',7.2,1.5,'9','01','2023-06-06',15453722,'Y','','01','25076','HM 5383918',''),('60360',' 017038012','679436','WRQST','L1','13-01','JEFF LEE','5417763',17.61,13,'29','01','2023-06-06',15582263,'','','03','27844','WILLIE OCHOA 9884328',''),('276',' 017043013','679437','WRQST','L1','13-01','JEFF LEE','5417763',17.81,3,'29','01','2023-06-06',15582909,'','','03','27847','WILLIE OCHOA 9884328',''),('206',' 017038011','679438','WRQST','L1','13-01','JEFF LEE','5417763',20.15,13,'29','01','2023-06-06',15583659,'','','03','27843','DAVID VERISSIMO 5341899 / 6131678',''),('197',' 017038001','679444','WRQST','L1','13-01','DAVID VERISSIMO','5341899',18.84,13,'29','01','2023-06-06',16011694,'','','03','27837','ALT#6131678  JEFF LEE 5417763',''),('3745',' 022010001','679454','WRQST','LL3','06-04','ANDY GERMANN','5372807',19.21,3,'1','01','2023-06-06',16051545,'N','','05','27242','','CHARLIE GERMANN 5379568 (BACKUP)'),('513',' 017063021','679458','WRQST','LL2.5','16-02','GREG NUNES','6787933',18.59,14,'1','01','2023-06-06',16355976,'N','','05','27902','& ALMONDS',''),('1727',' 018055004','679551','WRQST','CERES','04-02','MIKE DAMAS','5957573',15.95,3.5,'29','01','2023-06-07',6410284,'','','01','27955','',''),('533',' 017066004','679553','WRQST','LL2','23-03','LEE SCULLY','5794056',15.21,6,'29','01','2023-06-07',7031133,'N','','03','25478','KATHI 5794093',''),('533',' 017066004','679554','WRQST','LL2','23-04','LEE SCULLY','5794056',18.36,14,'29','01','2023-06-07',7031134,'N','','03','27542','KATHI 5794093',''),('418',' 017058036','679568','WRQST','LL2','14-04','TONY MORRIS','6040955',16.66,7,'17','01','2023-06-07',7153941,'N','','03','27880','5382130 HM    ENOS 2028377','LAURIE 3218083'),('54672',' 017058053','679569','WRQST','LL2','16-03','TONY MORRIS','6040955',19.53,8,'17','01','2023-06-07',7161486,'N','','03','27890','HM 5982130  LAURIE 3218083','ENOS 2028377'),('54671',' 017058052','679570','WRQST','LL2','16-03','TONY MORRIS','6040955',18.81,8,'17','01','2023-06-07',7170039,'N','','03','27889','HM 5382130 LAURIE 3218083','ENOS 2028377'),('427',' 017058045','679571','WRQST','LL2','14-04','TONY MORRIS','6040955',16.2,14,'17','01','2023-06-07',7174848,'N','','03','27888','5382130 HM LAURIE 3218083',''),('426',' 017058044','679572','WRQST','LL2','14-04','TONY MORRIS','6040955',16.83,8,'17','01','2023-06-07',7175198,'N','','03','27887','JUAN 4957332','LAURIE 3218083 ENOS 2028377'),('1505',' 018047022','679596','WRQST','CERES','08-02','ROBERT WILKERSON','6134733',13.95,1,'29','01','2023-06-07',7283015,'','','01','28910','MELODY 4851279',''),('2810',' 019007002','679623','WRQST','CERES','01-02','TOM MARCHY','4803852',5.55,6,'29','01','2023-06-07',7405939,'N','','01','29166','JORDAN MARCHY 4965206  FILLING POND','**NEW IRRIGATOR**'),('2811',' 019007004','679624','WRQST','CERES','01-02','TOM MARCHY','4803852',5.55,6,'29','01','2023-06-07',7410872,'N','','01','29165','JORDAN MARCHY 4965206','FILLING POND   **NEW IRRIGATOR **'),('60483',' 041027026','679627','WRQST','LL2.5','11-03','ED HINKELMAN','5376040',21.48,1.25,'29','01','2023-06-07',7472449,'N','','05','15086','ALLEN 9259899468 (SON)',''),('13778',' 041027011','679628','WRQST','LL2.5','11-03','ED HINKELMAN','5376040',25.09,1.75,'29','01','2023-06-07',7473519,'N','','05','15078','ALLEN 9259899468 (SON)','ED 6059561'),('13777',' 041027008','679629','WRQST','LL2.5','11-03','ED HINKELMAN','5376040',25.8,1.5,'29','01','2023-06-07',7474771,'N','','05','15077','ALLEN  9259899468',''),('13594',' 041015003','679640','WRQST','LL2','02-02','OSCAR DIAZ','5957020',1,8,'9','01','2023-06-07',7570258,'N','','03','2229','OLIVIA 6064159',''),('54677',' 018016040','679643','WRQST','CERES','09-07','DAVID HENDLEY','4022280',13.33,10,'39','01','2023-06-07',8025347,'','','01','18030','HM 6678688  JOHN 8400404','CARLOS 2895467 SAM MUNDT 6209753'),('1501',' 018047018','679644','WRQST','CERES','08-02','DAVID HENDLEY','4022280',14.44,7,'39','01','2023-06-07',8033813,'','','01','28909','CARLOS 2895467 JOHN LA ROSA 8400404','SAM MUNDT 6209756'),('1697',' 018054025','679694','WRQST','CERES','05-03','FERNANDO PENA','9683425',7.28,2,'29','01','2023-06-07',9122825,'N','','01','27707','',''),('13599',' 041016002','679767','WRQST','LL2','01-02','THEPPHARACK SOUNTHALA','4045825',3,3,'12','01','2023-06-07',10203439,'N','','03','7157','',''),('62384',' 018065027','679788','WRQST','CERES','09-04','SCOTT BERNER','5418657',15.19,1,'29','01','2023-06-07',10494010,'','','01','29112','MICHAEL BERNER 9880997','ROGER BERNER 9883938 MOB 5370171 HM'),('1878',' 018065019','679789','WRQST','CERES','09-04','SCOTT BERNER','5418657',15.31,5,'29','01','2023-06-07',10495493,'','','01','27982','ROGER BERNER 9883938 MOB 5370171 HM','MICHAEL BERNER 9880997'),('3650',' 022002044','679834','WRQST','LL3','14-03','JOE AMARAL','6132333',20.73,5,'9','01','2023-06-07',11135346,'N','','05','28081','HM 5381540',''),('3654',' 022002048','679843','WRQST','LL3','14-03','MAHENDAR KUMAR','5225045',19.62,6,'29','01','2023-06-07',11242212,'N','','05','28083','**REQUESTING MORNING**',''),('13527',' 041009010','679856','WRQST','LL2','04-01','PEDRO VARGAS','8723759',24.65,7,'29','01','2023-06-07',11440681,'N','','03','27246','*NEW OWNER*','DANIEL 6042216'),('643',' 018004006','679886','WRQST','CERES','06-03','RAZO','3428750',11.79,9,'39','01','2023-06-07',12170401,'','','01','26963','RODNEY BEARD OFC 5263550 MOB 6529358','RAMON 3428788'),('14018',' 041046007','679938','WRQST','LL2.5','09-04','JUNIOR ROBLES','9939079',22.73,3,'3','01','2023-06-07',13445691,'N','','05','26815','HM 8749802','PEPE 3537772 *1ST*  2320878 JUAN'),('1452',' 018045032','679955','WRQST','CERES','10-02','BRUCE YOUNG','9858792',14.95,3.5,'29','01','2023-06-07',14123025,'N','','01','28945','RHONDA 9858806',''),('1458',' 018045039','679956','WRQST','CERES','10-02','BRUCE YOUNG','9858792',14.81,3.5,'29','01','2023-06-07',14124800,'N','','01','28946','RHONDA 9858806',''),('1426',' 018044032','679961','WRQST','CERES','10-07','DAVID HENDLEY','4022280',14.92,15,'39','01','2023-06-07',14201333,'','','01','25368','CARLOS VALDIVIA 2895467 *1ST*','SAM MUNDT 6209753'),('323',' 017051003','680025','WRQST','L1','20-04','JIM INGLIS','6134794',20.97,7,'29','01','2023-06-07',16133145,'Y','','03','22715','',''),('333',' 017051021','680050','WRQST','LL2','17-03','FRED LUCHESSA','4799570',24.6,8,'29','01','2023-06-07',17340527,'','','03','13632','ANGELA LUCHESSA 6068530','*NEW OWNER*'),('1584',' 018050021','680057','WRQST','CERES','05-03','RUBEN CASTRO','2260313',10.34,0.75,'38','01','2023-06-07',17541620,'','','01','27705','DULCE CASTRO 2254995',''),('1585',' 018050022','680058','WRQST','CERES','05-03','RUBEN CASTRO','2260313',10.45,1,'9','01','2023-06-07',17570633,'','','01','27706','DULCE 2254995',''),('1423',' 018044029','680110','WRQST','CERES','10-07','LETICIA ARROYO','9882459',7.35,0.5,'28','01','2023-06-07',19465839,'','','01','25535','9882469 *2ND*','');
/*!40000 ALTER TABLE `event` ENABLE KEYS */;
UNLOCK TABLES;

--
-- Table structure for table `parcd`
--

DROP TABLE IF EXISTS `parcd`;
/*!40101 SET @saved_cs_client     = @@character_set_client */;
/*!50503 SET character_set_client = utf8mb4 */;
CREATE TABLE `parcd` (
  `TIDPNUMB` text,
  `PIACR` double DEFAULT NULL,
  `LASTIRRIGATION` text
) ENGINE=InnoDB DEFAULT CHARSET=utf8mb4 COLLATE=utf8mb4_0900_ai_ci;
/*!40101 SET character_set_client = @saved_cs_client */;

--
-- Dumping data for table `parcd`
--

LOCK TABLES `parcd` WRITE;
/*!40000 ALTER TABLE `parcd` DISABLE KEYS */;
INSERT INTO `parcd` VALUES ('1408',9.25,'N'),('198',19.72,'N'),('60947',35.4,'N'),('729',21.15,'N'),('743',21.2,'N'),('736',15.08,'N'),('731',19.17,'N'),('679',19.67,'N'),('680',19.06,'N'),('660',43.4,'N'),('1773',29.61,'N'),('720',105.08,'N'),('3621',18.2,'N'),('13834',1,'N'),('3677',13.5,'N'),('1667',4.34,'N'),('14006',147.44,'N'),('1460',19.4,'N'),('1405',21.47,'N'),('1406',20.82,'N'),('1757',19.78,'N'),('13542',4.52,'N'),('1728',65.15,'N'),('816',14.3,'N'),('13873',0.95,'N'),('431',17.94,'N'),('26896',9.59,'N'),('958',48.64,'N'),('962',31.7,'N'),('963',6.7,'N'),('964',5.03,'N'),('961',0.72,'N'),('58561',77.64,'N'),('54674',311.29,'N'),('751',1.13,'N'),('750',18.43,'N'),('1431',9.85,'N'),('1432',9.85,'N'),('13936',2.35,'N'),('13756',39.17,'N'),('1810',29.18,'N'),('2796',12.95,'N'),('2787',27.31,'N'),('2787',27.31,'N'),('2795',26.61,'N'),('2788',1.92,'N'),('444',66,'N'),('2793',40.38,'N'),('730',19.17,'N'),('723',39.47,'N'),('13784',9.8,'N'),('13926',19.7,'N'),('488',40,'N'),('669',28.28,'N'),('704',35.51,'N'),('714',17.29,'N'),('890',14.82,'N'),('708',27.81,'N'),('709',28.88,'N'),('713',20.01,'N'),('1688',8.82,'N'),('1718',2,'N'),('1723',55.17,'N'),('285',9.89,'N'),('278',9.89,'N'),('386',59.78,'N'),('390',40.75,'N'),('625',77.09,'N'),('26011',44.43,'N'),('26011',44.43,'N'),('26011',44.43,'N'),('604',9.14,'N'),('618',9.77,'N'),('3015',10.03,'N'),('14075',37.99,'N'),('252',48.97,'N'),('198',19.72,'N'),('3692',60.9,'N'),('3693',57.25,'N'),('3694',39.43,'N'),('31633',7,'N'),('31635',9.64,'N'),('31636',8.63,'N'),('61943',9.75,'N'),('62172',9.75,'N'),('3690',42.67,'N'),('689',31.73,'N'),('690',20.16,'N'),('705',18,'N'),('706',49.55,'N'),('516',1.56,'N'),('1455',20.82,'N'),('1455',20.82,'N'),('31717',9.4,'N'),('1441',24.63,'N'),('1442',17.7,'N'),('61178',18.28,'N'),('13990',78.97,'N'),('14089',14.45,'N'),('1478',9.85,'N'),('1477',19.1,'N'),('60736',22.11,'N'),('1527',19.62,'N'),('849',0.82,'N'),('14074',19.17,'N'),('720',105.08,'N'),('13522',44,'N'),('13522',44,'N'),('14000',57.54,'N'),('300',45.64,'N'),('13369',19.43,'N'),('13386',34.9,'N'),('13386',34.9,'N'),('14055',7.57,'N'),('14052',10.59,'N'),('14056',2.59,'N'),('14059',11.3,'N'),('14060',10.65,'N'),('1758',19.78,'N'),('330',36.79,'N'),('1649',2.2,'N'),('1663',5.51,'N'),('735',2.93,'N'),('1415',9.29,'N'),('1412',9.55,'N'),('31775',9.71,'N'),('291',24.14,'N'),('294',35.59,'N'),('296',36.71,'N'),('282',9.44,'N'),('283',9.73,'N'),('202',19.72,'N'),('26917',2.82,'N'),('26918',2.81,'N'),('26924',4.84,'N'),('275',11.82,'N'),('60363',50.52,'N'),('60364',66.6,'N'),('13864',2.03,'N'),('1662',1.69,'N'),('58317',9.8,'N'),('60476',9.7,'N'),('13931',4,'N'),('302',93.51,'N'),('45',38,'N'),('14029',5.73,'N'),('518',51.85,'N'),('484',80.07,'N'),('1465',24.92,'N'),('707',29.83,'N'),('716',18.61,'N'),('712',20.04,'N'),('847',18.44,'N'),('1589',19.73,'N'),('1590',19.72,'N'),('719',16.04,'N'),('711',19.99,'N'),('54685',14.82,'N'),('54686',16.44,'N'),('54688',7.34,'N'),('13877',18.49,'N'),('13867',18.3,'N'),('13805',7.52,'N'),('13804',17.1,'N'),('1511',38.8,'N'),('13366',2.82,'N'),('1751',19.73,'N'),('1686',26.36,'N'),('1484',8.85,'N'),('3648',3,'N'),('13391',11.81,'N'),('58316',10,'N'),('13835',8.5,'N'),('1696',19.12,'N'),('1825',18.95,'N'),('1839',13.9,'N'),('1855',13.18,'N'),('1860',17.83,'N'),('1764',21.65,'N'),('379',29.82,'N'),('288',72.4,'N'),('288',72.4,'N'),('489',37.99,'N'),('1753',19.1,'N'),('1755',15.78,'N'),('425',59.68,'N'),('439',118.89,'N'),('13427',38.42,'N'),('13426',36.93,'N'),('391',40.21,'N'),('13774',38.43,'N'),('615',2.32,'N'),('31640',4.2,'N'),('31639',4.35,'N'),('31638',1.01,'N'),('62376',96.37,'N'),('13430',34.96,'N'),('3033',19.59,'N'),('14093',9.98,'N'),('363',79.44,'N'),('51819',14.13,'N'),('345',39.1,'N'),('242',7.86,'N'),('292',65.69,'N'),('1760',2.42,'N'),('1692',34.25,'N'),('1583',3.27,'N'),('3638',39.08,'N'),('13582',4.78,'N'),('668',39.17,'N'),('641',25.01,'N'),('31634',2.39,'N'),('1409',9.85,'N'),('54876',53.92,'N'),('31757',1.02,'N'),('31758',1.01,'N'),('60360',53.42,'N'),('276',9.89,'N'),('206',49.62,'N'),('197',54.39,'N'),('3745',40.65,'N'),('513',72.86,'N'),('1727',12,'N'),('533',94.2,'N'),('533',94.2,'N'),('418',18.36,'N'),('54672',20,'N'),('54671',18.57,'N'),('427',36.39,'N'),('426',23.82,'N'),('1505',5.66,'N'),('2810',27.92,'N'),('2811',55.92,'N'),('60483',9.9,'N'),('13778',12.03,'N'),('13777',13.13,'N'),('13594',3.33,'N'),('54677',34.67,'N'),('1501',29.55,'N'),('1697',2.8,'N'),('13599',2.53,'N'),('62384',5.49,'N'),('1878',18,'N'),('3650',19.69,'N'),('3654',19.69,'N'),('13527',26,'N'),('643',83.06,'N'),('14018',29.62,'N'),('1452',9.88,'N'),('1458',10,'N'),('1426',89.55,'N'),('323',9.91,'N'),('333',77.35,'N'),('1584',3.27,'N'),('1585',3.27,'N'),('1423',1.99,'N');
/*!40000 ALTER TABLE `parcd` ENABLE KEYS */;
UNLOCK TABLES;

--
-- Table structure for table `sbxdtl`
--

DROP TABLE IF EXISTS `sbxdtl`;
/*!40101 SET @saved_cs_client     = @@character_set_client */;
/*!50503 SET character_set_client = utf8mb4 */;
CREATE TABLE `sbxdtl` (
  `FLOWID` text,
  `SBXCFS` double DEFAULT NULL,
  `SBXDFT` text
) ENGINE=InnoDB DEFAULT CHARSET=utf8mb4 COLLATE=utf8mb4_0900_ai_ci;
/*!40101 SET character_set_client = @saved_cs_client */;

--
-- Dumping data for table `sbxdtl`
--

LOCK TABLES `sbxdtl` WRITE;
/*!40000 ALTER TABLE `sbxdtl` DISABLE KEYS */;
INSERT INTO `sbxdtl` VALUES ('26759',14.8,'X'),('27838',19.55,'X'),('19362',22.68,'X'),('27931',13.41,'X'),('27935',13.2,'X'),('28928',13.27,'X'),('26720',14.4,'X'),('27692',15.93,'X'),('27914',15.88,'X'),('29525',21.11,'X'),('27652',15.03,'X'),('27928',15.08,'X'),('14393',17.95,'X'),('15105',3.03,'X'),('25182',23.07,'X'),('29519',0,'X'),('28213',22.31,'X'),('28900',14.91,'X'),('25525',14.96,'X'),('25526',14.97,'X'),('29040',12.96,'X'),('2196',5,'X'),('27956',15.71,'X'),('445',10,'X'),('2387',5,'X'),('13708',24.95,'X'),('28437',17.2,'X'),('27938',15.22,'X'),('27939',14.7,'X'),('27940',14.85,'X'),('27941',14.7,'X'),('27820',15.67,'X'),('18053',16.04,'X'),('19618',16.72,'X'),('29053',15.17,'X'),('28889',14.89,'X'),('28891',14.91,'X'),('27650',14.96,'X'),('27027',0,'X'),('19369',18.34,'X'),('27965',15.21,'X'),('27987',16.02,'X'),('27598',10.58,'X'),('27983',15.22,'X'),('27986',15.84,'X'),('27984',13.26,'X'),('27891',19.01,'X'),('27985',16.09,'X'),('27932',14.92,'X'),('29169',12.78,'X'),('15082',25.31,'X'),('15141',16.78,'X'),('13749',24.3,'X'),('13803',17.28,'X'),('27918',14.98,'X'),('27926',15,'X'),('28991',15.89,'X'),('27922',15.3,'X'),('27410',14.97,'X'),('22803',15.8,'X'),('29020',15.84,'X'),('29030',15.76,'X'),('27508',15.33,'X'),('27852',18.15,'X'),('27848',17.67,'X'),('27863',18.38,'X'),('27864',18.51,'X'),('27905',16.62,'X'),('20601',20.54,'X'),('15977',10.18,'X'),('18860',8.55,'X'),('28779',14.91,'X'),('19570',17.38,'X'),('28008',16.18,'X'),('13008',18.55,'X'),('13589',19.09,'X'),('27838',19.55,'X'),('28088',23.32,'X'),('27418',23.14,'X'),('25719',23.08,'X'),('26379',15.01,'X'),('26380',14.96,'X'),('26381',14.99,'X'),('27659',14.04,'X'),('27658',14.29,'X'),('25185',16.78,'X'),('28887',14.91,'X'),('27916',15.25,'X'),('27919',15.9,'X'),('27920',15.64,'X'),('298',0.5,'X'),('25540',14.99,'X'),('25540',14.99,'X'),('26851',15,'X'),('27942',14.94,'X'),('28895',14.98,'X'),('28899',14.84,'X'),('26906',7.62,'X'),('15220',15.18,'X'),('27803',14.66,'X'),('26773',14.65,'X'),('26387',14.98,'X'),('29032',16.16,'X'),('27676',6.92,'X'),('15216',23.66,'X'),('27928',15.08,'X'),('14992',22.82,'X'),('14993',20,'X'),('26944',4.36,'X'),('27855',17.08,'X'),('13261',10.7,'X'),('14956',25.77,'X'),('14957',21.02,'X'),('15203',16.76,'X'),('15202',16.9,'X'),('17655',16.35,'X'),('15205',17.22,'X'),('15206',16.54,'X'),('29059',13.67,'X'),('13631',30.75,'X'),('29010',15.52,'X'),('29000',15.32,'X'),('28836',14.12,'X'),('13895',14.92,'X'),('25529',14.99,'X'),('25325',14.67,'X'),('19490',19.33,'X'),('19361',22.44,'X'),('21470',20.62,'X'),('27850',21.08,'X'),('27404',21.05,'X'),('27841',20.98,'X'),('27573',8.37,'X'),('27268',9.9,'X'),('27545',5.27,'X'),('27846',18.64,'X'),('27906',16.71,'X'),('28804',17.07,'X'),('12917',1.74,'X'),('28997',15.91,'X'),('29013',15.34,'X'),('29012',15.27,'X'),('15147',10.42,'X'),('27681',18.45,'X'),('27836',15.81,'X'),('18923',12.55,'X'),('13773',24.11,'X'),('13747',26.03,'X'),('28902',13.93,'X'),('27921',15,'X'),('25014',15.2,'X'),('27925',14.94,'X'),('28995',16.3,'X'),('28993',15.79,'X'),('29005',15.71,'X'),('27927',15.16,'X'),('27924',15.17,'X'),('28904',14.33,'X'),('28905',14.06,'X'),('28906',14.4,'X'),('15122',27.63,'X'),('15120',21.28,'X'),('15095',21.16,'X'),('15094',18.14,'X'),('28912',14.96,'X'),('27678',16.98,'X'),('29039',13.02,'X'),('28994',15.31,'X'),('28903',14.42,'X'),('28080',16.45,'X'),('22295',3.44,'X'),('29015',15.41,'X'),('18037',11.01,'X'),('28990',15.41,'X'),('27969',15.83,'X'),('27974',15.57,'X'),('27978',15.54,'X'),('27980',15.67,'X'),('29043',12.9,'X'),('27860',17.97,'X'),('13609',34.51,'X'),('13610',23.4,'X'),('19554',21.82,'X'),('29056',12.99,'X'),('29057',12.7,'X'),('27886',18.89,'X'),('27689',18.05,'X'),('12996',14.69,'X'),('14980',20.55,'X'),('27865',16.21,'X'),('15074',24.36,'X'),('6386',0,'X'),('26382',15,'X'),('26646',14.92,'X'),('26645',14.9,'X'),('29110',17.67,'X'),('23185',30.4,'X'),('28014',15.66,'X'),('13121',14.69,'X'),('27859',19.09,'X'),('28916',14.14,'X'),('13638',15.9,'X'),('13586',17.7,'X'),('19491',16.83,'X'),('29061',12.99,'X'),('28999',15.09,'X'),('27704',11.15,'X'),('28079',18.36,'X'),('2222',5,'X'),('27912',15.5,'X'),('27908',15.89,'X'),('25090',7.3,'X'),('25528',14.93,'X'),('15151',16.7,'X'),('26396',7.25,'X'),('25076',7.2,'X'),('27844',17.61,'X'),('27847',17.81,'X'),('27843',20.15,'X'),('27837',18.84,'X'),('27242',19.21,'X'),('27902',18.59,'X'),('27955',15.95,'X'),('25478',15.21,'X'),('27542',18.36,'X'),('27880',16.66,'X'),('27890',19.53,'X'),('27889',18.81,'X'),('27888',16.2,'X'),('27887',16.83,'X'),('28910',13.95,'X'),('29166',5.55,'X'),('29165',5.55,'X'),('15086',21.48,'X'),('15078',25.09,'X'),('15077',25.8,'X'),('2229',1,'X'),('18030',13.33,'X'),('28909',14.44,'X'),('27707',7.28,'X'),('7157',3,'X'),('29112',15.19,'X'),('27982',15.31,'X'),('28081',20.73,'X'),('28083',19.62,'X'),('27246',24.65,'X'),('26963',0,'X'),('26815',22.73,'X'),('28945',14.95,'X'),('28946',14.81,'X'),('25368',14.92,'X'),('22715',20.97,'X'),('13632',24.6,'X'),('27705',10.34,'X'),('27706',10.45,'X'),('25535',7.35,'X');
/*!40000 ALTER TABLE `sbxdtl` ENABLE KEYS */;
UNLOCK TABLES;
/*!40103 SET TIME_ZONE=@OLD_TIME_ZONE */;

/*!40101 SET SQL_MODE=@OLD_SQL_MODE */;
/*!40014 SET FOREIGN_KEY_CHECKS=@OLD_FOREIGN_KEY_CHECKS */;
/*!40014 SET UNIQUE_CHECKS=@OLD_UNIQUE_CHECKS */;
/*!40101 SET CHARACTER_SET_CLIENT=@OLD_CHARACTER_SET_CLIENT */;
/*!40101 SET CHARACTER_SET_RESULTS=@OLD_CHARACTER_SET_RESULTS */;
/*!40101 SET COLLATION_CONNECTION=@OLD_COLLATION_CONNECTION */;
/*!40111 SET SQL_NOTES=@OLD_SQL_NOTES */;

-- Dump completed on 2024-03-10 11:34:31
